idx,score_a,score_b,correct
0,0.12630128860473633,0.07570961117744446,True
1,0.04961970075964928,0.01677481271326542,True
2,0.0004387896042317152,0.0004341268795542419,True
3,0.0030549734365195036,0.0020295437425374985,True
4,0.23362348973751068,0.05943043902516365,True
5,0.018074022606015205,0.007222228683531284,True
6,0.011334688402712345,0.004563150927424431,True
7,0.8002342581748962,0.3878142237663269,True
8,0.004120614845305681,0.009184002876281738,False
9,0.08410576730966568,0.010543144308030605,True
10,0.23296011984348297,0.05437421053647995,True
11,0.15317463874816895,0.019348233938217163,True
12,0.056303609162569046,0.016288571059703827,True
13,0.018329530954360962,0.008189679123461246,True
14,0.14023283123970032,0.059198666363954544,True
15,0.00459747388958931,0.0031078967731446028,True
16,0.022638482972979546,0.07482048869132996,False
17,0.6079816818237305,0.4372635781764984,True
18,0.0008854524930939078,0.0017311489209532738,False
19,0.009659014642238617,0.001315711298957467,True
20,0.0007900607888586819,0.00012713905016425997,True
21,0.00022017504670657218,2.9238957722554915e-05,True
22,0.5173039436340332,0.2554837465286255,True
23,0.035040583461523056,0.011762633919715881,True
24,0.01810367777943611,0.0064735328778624535,True
25,0.5701456069946289,0.18327467143535614,True
26,0.1731957346200943,0.06470349431037903,True
27,0.05162379890680313,0.004710275214165449,True
28,0.5045987963676453,0.10040879249572754,True
29,0.07014060765504837,0.005134200677275658,True
30,0.41911768913269043,0.3572111129760742,True
31,0.03979959711432457,0.00399654870852828,True
32,0.7305689454078674,0.7139049768447876,True
33,0.05885976552963257,0.010209133848547935,True
34,0.07490266114473343,0.0042545124888420105,True
35,0.030138419941067696,0.10602378100156784,False
36,0.06897586584091187,0.011254205368459225,True
37,0.6829341053962708,0.05974987521767616,True
38,0.12852667272090912,0.010021618567407131,True
39,0.012151699513196945,0.026174107566475868,False
40,0.7548927068710327,0.7532497048377991,True
41,0.11835508048534393,0.011427351273596287,True
42,0.3382328450679779,0.14601194858551025,True
43,0.07630523294210434,0.012536317110061646,True
44,0.18340638279914856,0.020928218960762024,True
45,0.4225587546825409,0.0843498557806015,True
46,0.44521695375442505,0.14853130280971527,True
47,0.0052033583633601665,0.010025439783930779,False
48,0.0023747659288346767,0.0004196444642730057,True
49,0.010753631591796875,0.03643598407506943,False
